format	fm-lint-telemetry-v1
git_head	dac95b46e88c47d9be22b4a1063341d2345f90e3
content_cksum	4258381780-36
shellcheck_version	0.11.0
analysis_mode	full
partition	all
jobs	2
root_bounds_enforced	0
root_deadline_seconds	unbounded
root_kill_grace_seconds	unbounded
root_memory_limit_kib	unbounded
root_timing_mechanism	none
root_count	1
direct_lines	4082
direct_bytes	193978
source_directives	17
source_boundary_directives	0
source_followed_directives	17
source_target_count	16
shard_1_weight_bytes	193978
shard_2_weight_bytes	0
wall_seconds	176
worker_wall_sum_seconds	175.83
max_worker_wall_seconds	175.82
user_seconds	56.37
system_seconds	18.27
max_worker_rss_kib	4288896
worker_rss_sum_kib	4296080
shellcheck_processes_start	0
shellcheck_processes_end	0
load_average_start	2.61/4.16/5.18
load_average_end	43.41/20.39/11.57
aggregate_cpu_percent_start	83.80
aggregate_cpu_percent_end	204.40
result_exit	0
